{"cameraMode":{"drawMode":0,"name":"Shaded","section":"Shading Mode"},"sceneLighting":true,"audioPlay":false,"sceneViewState":{"showFog":true,"showMaterialUpdate":false,"showSkybox":true,"showFlares":true,"showImageEffects":true,"showParticleSystems":true},"in2DMode":false,"pivot":{"x":-7.354089736938477,"y":2.9090421199798586,"z":12.986217498779297},"rotation":{"x":0.09768345206975937,"y":0.42030707001686098,"z":-0.045570481568574908,"w":0.9009568691253662},"size":3.927578926086426,"orthographic":false}