{"cameraMode":{"drawMode":0,"name":"Shaded","section":"Shading Mode"},"sceneLighting":false,"audioPlay":false,"sceneViewState":{"showFog":true,"showMaterialUpdate":false,"showSkybox":false,"showFlares":true,"showImageEffects":true,"showParticleSystems":true},"in2DMode":false,"pivot":{"x":-0.9899539947509766,"y":-119.3440170288086,"z":60.000038146972659},"rotation":{"x":0.09768345206975937,"y":0.42030707001686098,"z":-0.045570481568574908,"w":0.9009568691253662},"size":472.70782470703127,"orthographic":false}