{"cameraMode":{"drawMode":0,"name":"Shaded","section":"Shading Mode"},"sceneLighting":true,"audioPlay":false,"sceneViewState":{"showFog":true,"showMaterialUpdate":false,"showSkybox":true,"showFlares":true,"showImageEffects":true,"showParticleSystems":true},"in2DMode":false,"pivot":{"x":365.3276062011719,"y":195.12364196777345,"z":-23.61139488220215},"rotation":{"x":-0.013497132807970047,"y":0.017997466027736665,"z":0.00024290925648529083,"w":0.9997469186782837},"size":364.9035339355469,"orthographic":false}