{"cameraMode":{"drawMode":0,"name":"Shaded","section":"Shading Mode"},"sceneLighting":true,"audioPlay":false,"sceneViewState":{"showFog":true,"showMaterialUpdate":false,"showSkybox":true,"showFlares":true,"showImageEffects":true,"showParticleSystems":true},"in2DMode":false,"pivot":{"x":237.87103271484376,"y":368.4056701660156,"z":-184.70742797851563},"rotation":{"x":-0.022807396948337556,"y":-0.0039017116650938989,"z":0.00008909636380849406,"w":-0.9997323155403137},"size":497.4688720703125,"orthographic":false}