{"cameraMode":{"drawMode":0,"name":"Shaded","section":"Shading Mode"},"sceneLighting":false,"audioPlay":false,"sceneViewState":{"showFog":true,"showMaterialUpdate":false,"showSkybox":false,"showFlares":true,"showImageEffects":true,"showParticleSystems":true},"in2DMode":false,"pivot":{"x":-0.3510134220123291,"y":0.7900000214576721,"z":-1.9700000286102296},"rotation":{"x":0.22779586911201478,"y":-0.09766592085361481,"z":0.022970879450440408,"w":0.9685261249542236},"size":22.0,"orthographic":false}