{"cameraMode":{"drawMode":0,"name":"Shaded","section":"Shading Mode"},"sceneLighting":false,"audioPlay":false,"sceneViewState":{"showFog":true,"showMaterialUpdate":false,"showSkybox":false,"showFlares":true,"showImageEffects":true,"showParticleSystems":true},"in2DMode":false,"pivot":{"x":-14.733696937561036,"y":19.15760040283203,"z":-60.245914459228519},"rotation":{"x":0.18740643560886384,"y":0.14032146334648133,"z":-0.02705927938222885,"w":0.9718315601348877},"size":10.62320613861084,"orthographic":false}